date,open,close,high,low,volume
2021-04-30,19.02852635047228,19.05886459350586,19.071000503644047,18.840425872577924,41484362
2021-05-03,19.28337395471728,19.113475799560547,19.32584811042846,19.095273465576884,49589228
2021-05-04,19.17415438048444,19.429000854492188,19.46540705583272,19.14381613475267,68700639
2021-05-05,19.422930313542395,19.43506622314453,19.526082480536903,19.30157581445651,41937965
2021-05-06,19.44113322227505,19.665639877319336,19.67170783182212,19.24089685293015,38556072
2021-05-07,19.538218352360463,19.513946533203125,19.63530256436618,19.45327004993341,38330065
2021-05-10,19.61709924894281,19.79913330078125,19.96296348774229,19.574625096540736,54262286
2021-05-11,19.714183381803785,19.57462501525879,19.82340350599095,19.465404891071625,44221335
2021-05-12,19.507879252838507,19.39866065979004,19.59889551320149,19.37438883979358,41682300
2021-05-13,19.31371057019392,19.54428672790528,19.62923503216112,19.210559933490018,35838562
2021-05-14,19.617100529140995,19.56249046325684,19.75059248232981,19.550354552546587,28044703
2021-05-17,20.33309607748217,19.03459358215332,20.55760427725891,18.95571170156481,227010260
2021-05-18,18.13049608715881,17.930259704589844,18.20330848137743,17.529786939451906,327097378
2021-05-19,17.626871874356585,17.572261810302734,17.70575222670553,17.39629724014959,162369932
2021-05-20,17.602600453584486,17.98487091064453,18.02127711007008,17.54192243300061,108488825
2021-05-21,18.209375381469727,18.209375381469727,18.34893373923111,18.118359127812813,98754380
2021-05-24,18.233645342779703,18.051612854003903,18.30038977143132,18.03947694613576,63020282
2021-05-25,18.02734250643997,17.91205596923828,18.051614324153,17.736089887754027,77290883
2021-05-26,17.89992146238406,17.930259704589844,17.98486976640973,17.827107535853596,43765747
2021-05-27,17.990939456727563,18.02734565734864,18.14263374701268,17.94239734512881,62823932
2021-05-28,18.027347123486585,17.857450485229492,18.027347123486585,17.821042749335444,54191320
2021-06-01,17.875651130921856,17.79070281982422,17.918125286470673,17.730024798049346,52162290
2021-06-02,17.7785723513367,17.966672897338867,17.98487676913744,17.68755605696871,53003692
2021-06-03,17.875651904622405,17.736093521118164,17.942397884694884,17.711821698432885,60788150
2021-06-04,17.742160291636043,17.76036262512207,17.802838311983987,17.7118205153061,45228105
2021-06-07,17.778566797893156,17.64507484436035,17.796770664005436,17.602600689076993,43812219
2021-06-08,17.614736514047433,17.58439826965332,17.62080446938865,17.43270398305884,81796720
2021-06-09,17.566193898966844,17.60260009765625,17.705752270869493,17.52371974511055,38698004
2021-06-10,17.602599250816663,17.705751419067383,17.772497390380153,17.5965312959417,46019327
2021-06-11,17.730024798049346,17.79070281982422,17.808905153738298,17.675414731683162,41163954
2021-06-14,17.736091959970402,17.651142120361328,17.76643020334456,17.572261768201372,36006312
2021-06-15,17.63294138032838,17.76643180847168,17.778567719842535,17.62080546895752,34705350
2021-06-16,17.766428790476965,17.632938385009766,17.80283651840493,17.59046270242714,40251454
2021-06-17,17.620804735273413,17.438772201538086,17.687550712721958,17.42056833523976,47283350
2021-06-18,17.372026991430428,17.38416290283203,17.456975306617572,17.2385365629489,86995009
2021-06-21,17.42663561275572,17.554058074951172,17.56619398534462,17.39629736908402,44495668
2021-06-22,17.56012552125222,17.463041305541992,17.596531719065588,17.456973350521118,41524215
2021-06-23,17.475179173719983,17.38416290283203,17.547991577505524,17.378094947131228,31479689
2021-06-24,17.42056837762328,17.4691104888916,17.499448733817307,17.359890355459886,47503266
2021-06-25,17.41449898423886,17.529787063598633,17.566193260965775,17.39022869676472,37039297
2021-06-28,17.5419216561896,17.463041305541992,17.5419216561896,17.444838972791246,35873515
2021-06-29,17.47518040736564,17.39023208618164,17.62080675752914,17.384164130052476,42715947
2021-06-30,17.390228909915255,17.463041305541992,17.511583413397105,17.384160954894384,43623814
2021-07-01,17.5297881594793,17.663278579711914,17.730024555984198,17.51158429350178,34947642
2021-07-02,17.663279585374365,17.736093521118164,17.808905924549926,17.657211629703045,37964376
2021-07-06,17.76642960497565,17.608667373657227,17.796769379639876,17.56619322143916,53233538
2021-07-07,17.614736094606492,17.554058074951172,17.63900791539339,17.51158392088602,44484282
2021-07-08,17.571760910740622,17.515819549560547,17.633916583458955,17.4598766187135,52985421
2021-07-09,17.55932662909869,17.683639526367188,17.739580879521373,17.55311074878525,45214865
2021-07-12,17.615272282350414,17.70229148864746,17.764448737288408,17.54689915187866,35588988
2021-07-13,17.702288968475248,17.571760177612305,17.78930816238388,17.54068077288286,38431218
2021-07-14,17.5655460357666,17.5655460357666,17.62770328171254,17.503388789820658,42322852
2021-07-15,17.55311453790911,17.671213150024414,17.714722751943977,17.534466892943403,36102832
2021-07-16,17.71472157516716,17.615270614624023,17.795524891983344,17.59040708965475,34673177
2021-07-19,17.47231276694602,17.27341079711914,17.528254142168247,17.093156475588795,76367393
2021-07-20,17.22368093593146,17.347993850708008,17.515819503473626,17.186387218465192,46026477
2021-07-21,17.453662432022764,17.341779708862305,17.590407110515,17.310700302613856,40798133
2021-07-22,17.5655444132993,17.4101505279541,17.621485772516838,17.24232801996841,48904588
2021-07-23,17.385292473144748,17.497175216674805,17.534468941295735,17.36664482600065,40029948
2021-07-26,17.453662307175243,17.515819549560547,17.55311326712494,17.41015113873865,48400144
2021-07-27,17.410151137046686,17.528249740600586,17.65256422535911,17.329347820720525,45261337
2021-07-28,17.497171292107442,17.4101505279541,17.58419048659387,17.316915452480515,42069835
2021-07-29,17.522036930077483,17.58419418334961,17.683645160718108,17.472311441393234,42129018
2021-07-30,17.633918574436724,17.435016632080078,17.652566220157837,17.410153104451926,49652913
2021-08-02,17.553115918102087,17.47231101989746,17.74580198589686,17.42258553241277,43086667
2021-08-03,17.453658338332648,17.522029876708984,17.559325155459657,17.34798995153902,37982515
2021-08-04,17.428798061571936,17.310699462890625,17.478523539490347,17.28583750876487,38980149
2021-08-05,17.323134300943185,17.36664390563965,17.410153510336112,17.316918418891234,27837762
2021-08-06,17.347996593170762,17.37907600402832,17.459879332923546,17.347996593170762,30562686
2021-08-09,17.385288464601693,17.310699462890625,17.40393453777928,17.28583750876487,33359504
2021-08-10,17.292056385501308,17.45987892150879,17.472310685558877,17.260976975376085,29472770
2021-08-11,17.45366577601158,17.50339126586914,17.54068499084549,17.416370481367945,27142927
2021-08-12,17.528247377062634,17.416364669799805,17.54067913779556,17.37285507690132,25167519
2021-08-13,17.42879481916553,17.522029876708984,17.565541035251435,17.403931299998415,29052135
2021-08-16,17.490956023039818,17.528249740600586,17.584191101775225,17.391505063099785,27148223
2021-08-17,17.453658338332648,17.522029876708984,17.571756915043217,17.410147179790194,26361502
2021-08-18,17.44123140730695,17.298269271850586,17.497172771253563,17.27962319697975,36599729
2021-08-19,17.279625259330846,17.111801147460938,17.31070310093613,17.09315507036466,49881700
2021-08-20,17.105582123975847,17.136661529541016,17.304484040925143,17.049642333292436,36754240
2021-08-23,17.167740436258352,17.10558319091797,17.229897681598732,17.09315299758353,37017584
2021-08-24,17.111798233808216,17.06207275390625,17.130445877396564,17.012347274004288,38782343
2021-08-25,17.062072755592702,17.04964256286621,17.10558235430285,16.9937012017626,29708309
2021-08-26,17.030995106746737,16.794797897338867,17.04342686927704,16.7885835857407,49257302
2021-08-27,16.807227362358333,16.863168716430664,16.906678309672085,16.707776415044584,42686157
2021-08-30,16.85695608031166,16.925329208374023,16.968838809989318,16.813446478696367,40268666
2021-08-31,16.900467847906896,17.043428421020508,17.093153906002073,16.85695667508929,52696392
2021-09-01,17.055857322293843,16.90046501159668,17.0682875142028,16.869385607657126,37546257
2021-09-02,16.89425083939367,17.180171966552734,17.323132530132266,16.88181907656057,80611740
2021-09-03,17.180170959096106,17.13044548034668,17.248544081001665,16.981269044098404,35800298
2021-09-07,17.074506260508812,17.043428421020508,17.124231745490377,17.012349011865073,34935329
2021-09-08,17.068290470355663,17.155309677124023,17.242330453559518,17.068290470355663,37976292
2021-09-09,17.13666350915255,17.043428421020508,17.19882075779629,17.03721253918942,39806590
2021-09-10,17.080722962315367,16.89425277709961,17.086938844444855,16.881821012840636,38245594
2021-09-13,16.993702032905734,17.10558319091797,17.248545326100963,16.987486151404994,51168760
2021-09-14,17.124230567495825,16.987485885620117,17.16152428624974,16.937760404059222,38046729
2021-09-15,16.99991685405511,17.136661529541016,17.18638700877834,16.975053329602975,44541081
2021-09-16,17.130447719333265,17.155309677124023,17.242330453559518,17.055860276293853,38041698
2021-09-17,17.04342958199586,17.111801147460938,17.366644471559436,17.04342958199586,89996517
2021-09-20,16.981270236692755,16.91289710998535,17.01234807446864,16.74507301879466,64631457
2021-09-21,16.97505306643719,16.757503509521484,17.04964206897029,16.745071747488147,47120101
2021-09-22,16.794798067154165,16.788583755493164,16.912896673052217,16.77615199283716,41950675
2021-09-23,16.819660131020708,16.90046501159668,16.962620680142052,16.794796607869067,45047776
2021-09-24,16.875600477261575,16.863168716430664,17.018561017816747,16.844522644851068,32406489
2021-09-27,16.88803764366605,17.03099822998047,17.186390581104998,16.881821761260994,42571764
2021-09-28,17.055861673052707,16.931547164916992,17.242331865589012,16.900469322716695,43597466
2021-09-29,16.95641078045437,17.03099822998047,17.136665091531842,16.88803764366605,41619543
2021-09-30,17.08072075990729,16.788583755493164,17.099368403891297,16.788583755493164,58751838
2021-10-01,16.869387008753957,16.881818771362305,17.030995213661498,16.788583691133685,41759490
2021-10-04,16.931547331676594,16.937763214111328,17.068292036238873,16.838312234490168,57892430
2021-10-05,16.96884048023943,16.999919891357422,17.080723220929748,16.8880371506671,42649350
2021-10-06,16.943972142782062,16.97504997253418,16.993697612185436,16.76371633515319,73923686
2021-10-07,17.2163908064943,17.273778915405273,17.363048591372802,17.19726090010348,64402935
2021-10-08,17.254648349256527,17.069730758666992,17.292906550313823,17.05697748822742,51635868
2021-10-11,17.018715109235522,16.597871780395508,17.069726568209557,16.597871780395508,85460890
2021-10-12,16.591494445413037,16.21528434753418,16.597871078797876,16.170649524101258,101515979
2021-10-13,16.119643130135653,16.132394790649414,16.234417736328272,15.947478805454532,80546996
2021-10-14,16.17702809390277,16.33643913269043,16.457591973042216,16.164276434598353,75032669
2021-10-15,16.38107644347633,16.387453079223633,16.54048911663578,16.355571510748675,63061723
2021-10-18,16.298183287836963,16.151525497436523,16.355571398908708,16.119643929179574,59807596
2021-10-19,16.23441759156229,16.317312240600586,16.32368726566989,16.113266351062393,46242686
2021-10-20,16.330064256685517,16.521358489990234,16.636134707920768,16.298182689598804,63927222
2021-10-21,16.65526502699792,16.42571258544922,16.763663001883113,16.323688025668613,73916007
2021-10-22,16.425713920965254,16.253549575805664,16.45121885528798,16.240796303513473,49159193
2021-10-25,16.215285280299316,16.34918975830078,16.361943025804077,16.145143919292234,65704956
2021-10-26,16.342818262232793,16.177030563354492,16.387453102265116,16.16427890210351,48187774
2021-10-27,16.18978310993281,15.979360580444336,16.247171218907987,15.966608919764338,52952056
2021-10-28,16.023994376116466,16.29180335998535,16.34919145946046,15.998487838455878,70281362
2021-10-29,16.177029492885985,16.106889724731445,16.272675802377776,16.036748346315456,71775496
2021-11-01,16.23441867489935,16.177030563354492,16.31093669371301,16.16427890210351,53318010
2021-11-02,16.196154752308296,16.08775520324707,16.247166210086462,16.0239920887201,45810003
2021-11-03,16.017621387956734,16.055879592895508,16.151525910373238,16.011244752090008,48160500
2021-11-04,16.023994124190978,15.813570022583008,16.10051051544734,15.647782361179305,83532616
2021-11-05,15.84545460507911,16.004865646362305,16.138770148114748,15.832701335313734,58867158
2021-11-08,15.979360184220573,15.864583969116213,16.023996631408945,15.768937659949724,61161253
2021-11-09,15.82632691487875,15.756185531616213,15.845456822203504,15.673292487065394,60057567
2021-11-10,15.743428563772458,15.909217834472656,16.02399403095053,15.724300271200264,62271427
2021-11-11,15.934722911463778,15.890088081359863,16.004864278919186,15.86458154400837,40223517
2021-11-12,15.909222972702011,15.902846336364746,15.992116024563042,15.883716427352956,36217358
2021-11-15,15.921969585413846,15.813570022583008,15.972982659933008,15.775311826954828,53290206
2021-11-16,15.807192451506038,15.724299430847168,15.87095718061499,15.705169529036151,48162354
2021-11-17,15.705169529036151,15.724299430847168,15.7625576242081,15.660534701738216,42762155
2021-11-18,15.705171780521692,15.55213737487793,15.7434299793673,15.55213737487793,49734868
2021-11-19,15.507502818946186,15.386351585388184,15.52025608887693,15.277952011499572,66821750
2021-11-22,15.36722120023877,15.74980640411377,15.851830950109916,15.348091295940495,71414574
2021-11-23,15.743430418809654,15.788066864013672,15.9347246388999,15.743430418809654,58975991
2021-11-24,15.73067889522696,15.6031494140625,15.76256046038738,15.57764448398644,44597748
2021-11-26,15.341715045413569,15.443737983703612,15.507502722700227,15.309833481045937,38851588
2021-11-29,15.462868852097328,15.233316421508787,15.469245487420505,15.20781149047753,69449493
2021-11-30,15.073905415002272,14.557414054870604,15.099411956372451,14.378873096063687,184492383
2021-12-01,14.665813030798864,14.174826622009276,14.793342511871431,14.16844998692951,106323952
2021-12-02,14.206710260980293,14.697696685791016,14.831601196051338,14.206710260980293,105952835
2021-12-03,14.6785642301133,14.959126472473145,15.003761301473066,14.608422864392764,93399859
2021-12-06,15.042022918189382,14.844353675842283,15.26519870032906,14.81247050110156,78265347
2021-12-07,14.857104710050708,14.71682357788086,14.90173954254742,14.646683816926576,82646331
2021-12-08,14.678566530052716,14.774212837219238,15.029270193083772,14.653059989335556,64794044
2021-12-09,14.684942041781136,14.627553939819336,14.710446970285668,14.46176626862539,68283976
2021-12-10,14.653057114802092,14.563787460327148,14.697693552300658,14.506399365232944,52988731
2021-12-13,14.480896340658148,14.30873203277588,14.538284443285573,14.213084121555973,87574921
2021-12-14,14.276848000771873,14.213083267211914,14.493647128719008,14.187578339944656,102318985
2021-12-15,14.206708484919725,14.136567115783691,14.28322487828518,14.040920818946253,93643342
2021-12-16,14.44263741702827,15.118539810180664,15.233316022468342,14.44263741702827,150436190
2021-12-17,15.17592724237032,15.163175582885742,15.201433781862145,14.844353500805962,142867941
2021-12-20,15.3225862493148,15.424609184265137,15.48837231091313,15.14404530802106,102088344
2021-12-21,15.507503108319847,15.6031494140625,15.82632520096961,15.43098670783028,96523307
2021-12-22,15.58401808295109,15.80081558227539,15.839075385327684,15.456488626632256,67746697
2021-12-23,15.845458244639296,15.858211517333984,15.95385784202074,15.819951699249918,57348266
2021-12-27,15.85820528685383,15.80081558227539,15.998486400595688,15.705169295166804,67853676
2021-12-28,15.775312994856098,15.826324462890623,16.017618675716086,15.743429820921198,55695649
2021-12-29,15.819947419619568,15.7115478515625,15.890088790203928,15.68604131307318,44728560
2021-12-30,15.730675830534995,15.80081558227539,15.909216747329149,15.724299196692948,53706074
2021-12-31,15.762562714687425,15.686044692993164,15.832704100385362,15.666916395265812,59608069
2022-01-03,15.800814449346282,16.21528434753418,16.310930627784863,15.800814449346282,76970210
2022-01-04,16.355566392052427,16.34918975830078,16.50222413755719,16.221661914050962,72918108
2022-01-05,16.578746086222775,16.7126522064209,17.10161407594754,16.578746086222775,125367971
2022-01-06,17.031472872445434,16.648887634277344,17.082484344885277,16.54048805406,93758133
2022-01-07,16.968798417924127,17.21766471862793,17.368294365208424,16.877109440720485,98164670
2022-01-10,17.28315300559027,17.328996658325195,17.446881281855628,17.15872070641578,77030717
2022-01-11,17.453432703780617,17.250410079956055,17.505825692311838,17.11942678169236,60054124
2022-01-12,17.211118871495614,17.322452545166016,17.36174853409019,17.12597921603149,48477730
2022-01-13,17.35519865883286,17.551671981811523,17.72849896481524,17.23731400349705,65005487
2022-01-14,17.433784539433933,17.800537109375,17.833282106679505,17.33554789364915,72617163
2022-01-18,17.820181880224148,17.88567352294922,17.990459489760877,17.62370860592007,80247772
2022-01-19,17.97736339788016,17.866029739379883,17.997011389665047,17.538571478988562,67442309
2022-01-20,17.767792175865402,17.695751190185547,17.951168478563478,17.656456858847186,55659239
2022-01-21,17.577866202451165,17.427236557006836,17.682653840446566,17.322450572882833,79715392
2022-01-24,17.152173433193926,17.250410079956055,17.407589045549713,16.890206836666543,102910548
2022-01-25,17.13252438751297,17.34209632873535,17.42723430965525,16.831263481602402,115467364
2022-01-26,17.66955398149331,15.881641387939451,17.66955398149331,15.757207420023343,188252808
2022-01-27,15.757208988666337,15.796504974365234,16.065017620079004,15.429752364404214,116707158
2022-01-28,15.76375824011152,16.510358810424805,16.53000680317516,15.678620245936202,102063320
2022-01-31,16.353176596461804,16.700281143188477,16.726476807804406,16.123956675184612,129691758
2022-02-01,15.84234844757925,15.9929780960083,16.110861090080103,15.796504785350532,172591344
2022-02-02,15.855446221683952,16.07156753540039,16.176353526664634,15.763758892795618,93834925
2022-02-03,16.045370967402697,16.084665298461914,16.313885261738275,16.00607663634348,63825671
2022-02-04,16.051918559011504,15.770305633544922,16.071564895476737,15.704813986294583,69719192
2022-02-07,15.744109571438887,15.67206859588623,15.770305237358183,15.48214298901875,73169536
2022-02-08,15.639325055294655,15.678619384765623,15.796504027049886,15.600029071952331,42150732
2022-02-09,15.72446470140152,16.045372009277344,16.07811701164102,15.704816707660395,53029907
2022-02-10,16.019172362579923,15.881641387939451,16.14360633049603,15.85544406674815,58431827
2022-02-11,15.894740219635638,15.80305290222168,16.019172535019923,15.724462591673069,60084576
2022-02-14,15.7441125188019,15.750661849975586,15.894742174182136,15.613129203071212,57458290
2022-02-15,15.829248872094295,15.940584182739258,16.01917284091727,15.789954543005289,43586610
2022-02-16,15.829249025963804,15.678619384765623,15.94058433769101,15.573833403595472,60662502
2022-02-17,15.60658127833893,15.56073760986328,15.685171605634087,15.45595160938418,61712434
2022-02-18,15.527990516307582,15.63277816772461,15.691720498077856,15.423204518762168,62595410
2022-02-22,15.567284528807171,15.55418586730957,15.78340582803199,15.43630122157396,62168288
2022-02-23,15.58693096595858,15.39700698852539,15.672070612361129,15.331515334493757,50233222
2022-02-24,15.03680536055342,15.213630676269531,15.25292500710962,14.8337810678249,92965719
2022-02-25,15.357710842662655,15.658971786499023,15.78995509318812,15.351161511941063,59026965
2022-02-28,15.449400920112268,15.514892578125,15.554186911384036,15.331516266463654,62788449
2022-03-01,15.462498443560737,15.410103797912598,15.560735096408216,15.174336161852924,57663378
2022-03-02,15.429752302970618,15.600029945373535,15.750661248876677,15.410104310199396,45624775
2022-03-03,15.6851691093854,15.658971786499023,15.783405762466526,15.508342141516536,49218641
2022-03-04,15.521442838598654,15.63277816772461,15.645875177014078,15.35116352524784,48190952
2022-03-07,15.501792885042509,15.436301231384276,15.632776192358962,15.377358908479012,50113532
2022-03-08,15.39700759287766,15.06300163269043,15.4755962577032,15.06300163269043,67277074
2022-03-09,15.252923657607948,15.233277320861816,15.403554944598785,15.193982993498292,58010928
2022-03-10,15.207080533908014,15.187434196472168,15.207080533908014,15.02370589719305,53623059
2022-03-11,15.455948474980213,15.187434196472168,15.521440125466125,15.161236874729276,72142244
2022-03-14,15.207080712387876,14.990961074829102,15.220179373413057,14.93856808459972,65683375
2022-03-15,15.0499024884741,15.121943473815918,15.193984459157736,15.004058826482552,47089252
2022-03-16,15.161236874729276,15.187434196472168,15.252924193086756,15.04335388850022,49791138
2022-03-17,15.141590537293428,15.187434196472168,15.239827186086632,15.02370589719305,41109008
2022-03-18,15.193981928093852,15.20707893371582,15.29221856654993,15.076097300398098,89500414
2022-03-21,15.207079971821864,15.16778564453125,15.397005585823818,15.121941987046988,50990418
2022-03-22,15.233277657612271,15.200531005859377,15.383907294061697,15.180884668678935,39631954
2022-03-23,15.200531005859377,15.200531005859377,15.35770997265938,15.174335338328358,38180320
2022-03-24,15.220179079322715,15.27912139892578,15.292220059697865,15.167786090105691,37218434
2022-03-25,15.32496356159024,15.613125801086426,15.613125801086426,15.279119907234945,42137094
2022-03-28,15.717916170528405,15.63277816772461,15.763759837720572,15.527990516307582,50968704
2022-03-29,15.6786187947378,15.711363792419434,15.75720745072224,15.619676475813824,43979838
2022-03-30,15.750660163568693,15.809600830078123,15.81615016055058,15.665520521298106,42385080
2022-03-31,15.717911189421432,15.475592613220217,15.809598494749473,15.4690432837152,69574611
2022-04-01,15.53453539289306,15.70481300354004,15.717911662944683,15.318414128200962,53381429
2022-04-04,15.6196788532391,15.835800170898438,15.848898833513315,15.43630253824542,47195569
2022-04-05,15.69826675848281,15.645872116088867,15.816149742255316,15.619676448763183,43936808
2022-04-06,15.57383387232537,15.73756217956543,15.809601510118505,15.455949226493104,49327209
2022-04-07,15.65897179589034,15.54108715057373,15.7048154570976,15.455949158884732,62815724
2022-04-08,15.501792221100718,15.809600830078123,15.875092480931349,15.416652578830131,73121078
2022-04-11,16.379609567097386,17.02126693725586,17.14266273703317,16.34492623421187,157485300
2022-04-12,17.125319756378136,16.960569381713867,17.44614925926422,16.91721480337276,104795900
2022-04-13,16.818075606637635,17.08195686340332,17.143529044800903,16.738910894064706,64100500
2022-04-14,16.993996944532874,17.187511444091797,17.231491097055432,16.897239694753416,52731100
2022-04-18,17.09075650671953,17.117143630981445,17.21390089385232,16.96761211958674,54812700
2022-04-19,17.14353370666504,17.14353370666504,17.275474370926684,17.055572704585085,57496000
2022-04-20,17.16992018602895,17.090755462646484,17.231492375833906,16.97640567210899,48751400
2022-04-21,17.31065557720613,17.776845932006836,17.899991978505682,17.26667424712933,81259800
2022-04-22,17.63611035751178,17.169919967651367,17.63611035751178,17.152327434297604,68483600
2022-04-25,17.389821170540095,17.161123275756836,17.495373012614657,16.80928100598116,71861400
2022-04-26,17.108346502659877,16.976404190063477,17.284266789928086,16.976404190063477,50825900
2022-04-27,16.91483051644016,16.774093627929688,17.029180286927446,16.703725183674454,66767000
2022-04-28,16.932423703845135,17.08195686340332,17.231490022961506,16.80048307546229,67479400
2022-04-29,17.029181586521727,16.589378356933594,17.037977852439433,16.545397027345075,70195400
2022-05-02,16.712523568772834,16.818077087402344,17.05556956831528,16.58937919513529,67551600
2022-05-03,16.870849835857157,17.002790451049805,17.31065300497662,16.74770548537281,62675300
2022-05-04,16.958814571620447,17.54815101623535,17.57453813850465,16.89724070498734,60771800
2022-05-05,17.363432771768668,17.54815101623535,17.58333440516652,17.31065684951375,55503900
2022-05-06,17.41620805893264,17.618518829345703,17.68888728235834,17.293063685589583,51506800
2022-05-09,17.574537288217122,17.196306228637695,17.62731488563488,17.125937776463584,51563300
2022-05-10,17.29306177697751,17.0291805267334,17.460187463580688,16.92362702000611,42465900
2022-05-11,17.152327652451437,17.090755462646484,17.29306456563886,16.967611083036577,50074200
2022-05-12,17.064362875491884,17.345836639404297,17.363429169077815,17.055566610655124,52687000
2022-05-13,17.363432141730694,17.451393127441406,17.4689856601268,17.18751184802553,34107300
2022-05-16,17.530556375284096,17.83841896057129,17.926378261182386,17.310654768324117,40027000
2022-05-17,17.943972683772053,18.093505859375,18.181466846973724,17.80323577470061,42938400
2022-05-18,18.040727809118472,17.794437408447266,18.14627963960892,17.706476431227827,43342800
2022-05-19,17.521760928426183,17.776845932006836,17.89119571249032,17.512964662410823,41588100
2022-05-20,17.776844045439265,17.9439697265625,17.96156225672621,17.671292219889025,47415800
2022-05-23,18.05831973412379,18.2430362701416,18.392569423081945,17.96156249465767,46775100
2022-05-24,18.295813672139296,18.612472534179688,18.67404471786173,18.119893387007217,49841200
2022-05-25,18.57728893249466,18.73561668395996,18.79719054464309,18.524511337623405,40179400
2022-05-26,18.80598790001867,18.753211975097656,18.937930228895823,18.70923231728288,28495500
2022-05-27,18.744412753137127,18.726821899414062,18.83237373261699,18.603675857055794,34169600
2022-05-31,18.6388609199342,18.726821899414062,18.849966264056192,18.445346429535263,61515300
2022-06-01,18.85876336986895,18.66524887084961,18.885150490487067,18.5772895651676,35928900
2022-06-02,18.70043479776691,18.63886260986328,18.70043479776691,18.41896098008388,27085200
2022-06-03,18.52451261834736,18.38377571105957,18.60367733841128,18.29581472457563,27796900
2022-06-06,18.401366133118387,18.41895866394043,18.51571422802949,18.322201422135286,22002900
2022-06-07,18.38377381127463,18.594879150390625,18.638860477945688,18.26942571506367,24977700
2022-06-08,18.55090161879605,18.51571655273437,18.647658872749364,18.462940631358155,20732900
2022-06-09,18.489326453591392,18.366180419921875,18.612470809544888,18.357385832538927,24934500
2022-06-10,18.19026036016614,18.19905662536621,18.339793513135245,18.14627903416579,33572700
2022-06-13,17.94397099013452,17.381023406982422,18.023135703729803,17.31065495908841,56215900
2022-06-14,17.486572422302174,17.10834312438965,17.556940858857512,16.97640083784701,42638300
2022-06-15,17.24028907122725,17.099552154541016,17.33704465287629,16.870854245496794,38941900
2022-06-16,16.958811182922474,16.677335739135742,16.967607447826683,16.42225076777762,67896400
2022-06-17,16.835668543443248,17.04677391052246,17.081958977227156,16.71252416540945,97645400
2022-06-21,17.284268242090604,17.55694580078125,17.636110523903753,17.125938795845602,49307700
2022-06-22,17.460187506333146,17.87360191345215,18.07591098431574,17.433798710157692,46607400
2022-06-23,17.97035938857773,18.12868881225586,18.278221970427857,17.662496806727603,51713600
2022-06-24,18.207853322723604,18.46293830871582,18.524510488861665,18.04072763538769,47641700
2022-06-27,18.427756204623183,18.278223037719727,18.506920921084788,18.181465789218606,32339900
2022-06-28,18.4101625975876,18.12868881225586,18.52451069373508,18.11989254674973,26754000
2022-06-29,18.1814649517746,18.42775535583496,18.489327537421023,18.06711685421708,26585700
2022-06-30,18.287020548365028,18.43655204772949,18.603677758047134,18.251835481891288,37655700
2022-07-01,18.4453470423172,18.74441337585449,18.814781826232903,18.35738773763133,32762500
2022-07-05,18.5860841616132,18.62126922607422,18.638861758304728,18.278223236160382,36960500
2022-07-06,18.62126795200644,18.550899505615234,18.67404386737082,18.374977550779168,27645000
2022-07-07,18.62126837371039,18.60367584228516,18.753209003967363,18.49812400916604,27015400
2022-07-08,18.655374028909183,18.539501190185547,18.77124516757064,18.49493575994549,22366300
2022-07-11,18.45928023908669,18.414714813232425,18.592979916773565,18.38797453768264,23326400
2022-07-12,18.3879751486418,18.361236572265625,18.592980534544232,18.227538590198527,26448000
2022-07-13,18.22754096984864,18.22754096984864,18.36123896937033,18.031448983825324,25213100
2022-07-14,17.942313660523403,18.12057876586914,18.13840561641612,17.871007958397517,26621000
2022-07-15,18.30775887372024,18.334497451782227,18.35232430386501,18.01362091454088,23838000
2022-07-18,18.387976150664752,18.29884529113769,18.44145670645559,18.28101843920741,22507400
2022-07-19,18.361237769163143,18.539501190185547,18.59298174654824,18.2988454868022,21813100
2022-07-20,18.55732980492286,18.25428009033203,18.56624323182992,18.182974375137857,34207200
2022-07-21,16.97077663411562,16.86381721496582,17.042082346861385,16.25771780659565,123409000
2022-07-22,16.63207358633833,16.40032958984375,16.658813866724664,16.266631588036734,72016300
2022-07-25,16.382501328903327,16.51620101928711,16.623158731519517,16.337935898816852,39493100
2022-07-26,16.4003279324195,16.311195373535156,16.44489506189275,16.20423766292367,38885000
2022-07-27,16.35576263852215,16.391414642333984,16.480547201956824,16.248803226962306,36607400
2022-07-28,16.311195394902114,16.560766220092773,16.730117912188653,16.302283669057946,41940100
2022-07-29,16.498373445918055,16.739030838012695,16.801423117430836,16.471633168997947,40819800
2022-08-01,16.801423137605152,16.6944637298584,16.819249988906627,16.58750602217376,37087800
2022-08-02,16.68555034576581,16.364675521850586,16.703377197111692,16.32902181915883,43625200
2022-08-03,16.41815398926502,16.37358856201172,16.498373118370615,16.32010800923327,35524300
2022-08-04,16.320110166904144,16.28445816040039,16.38250245333243,16.239891027192826,28287800
2022-08-05,16.284456774687353,16.355762481689453,16.364675907572487,16.12401850891709,32726400
2022-08-08,16.364674959608237,16.043798446655273,16.40924038637968,16.043798446655273,44042500
2022-08-09,16.079451904288064,16.132930755615234,16.239888458269576,16.079451904288064,33257500
2022-08-10,16.239892174016543,16.052715301513672,16.266632455829416,16.034888446971756,50229500
2022-08-11,16.0972776657261,16.079452514648438,16.195323646932668,16.052712237938803,40798900
2022-08-12,16.132933307619272,16.28445816040039,16.28445816040039,16.12401988097776,25822300
2022-08-15,16.213151223150472,16.391414642333984,16.45380692405132,16.213151223150472,28845400
2022-08-16,16.373587871030626,16.551851272583008,16.66772409865096,16.373587871030626,34241000
2022-08-17,16.418155670166016,16.418155670166016,16.587507371178617,16.329023106471897,23772300
2022-08-18,16.27554197587323,16.427066802978516,16.51619935422786,16.204236274886156,33817400
2022-08-19,16.382499677322837,16.427066802978516,16.49837250396559,16.329020826598036,27161400
2022-08-22,16.320108135551624,16.159669876098633,16.337934986615757,16.106191022968332,32057100
2022-08-23,16.141847638022156,16.097280502319336,16.213153355084277,16.061628493819473,27298200
2022-08-24,16.106194165077003,16.052715301513672,16.106194165077003,15.919017292574134,30647700
2022-08-25,16.088364013676493,16.1240177154541,16.132931140898506,15.990319733912212,25198600
2022-08-26,16.06162689242052,15.945754051208496,16.12401917612135,15.91010204626326,30590700
2022-08-29,15.874446323708142,15.847707748413086,15.972492299955372,15.785313772579933,25465400
2022-08-30,15.874448390126943,15.88336181640625,15.954667526578469,15.820969532513338,32481900
2022-08-31,15.883360078107058,15.633790969848633,15.919013779322288,15.607050693937213,46669900
2022-09-01,15.5892244298906,15.598137855529783,15.749662691271702,15.517918724839236,30623200
2022-09-02,15.66053052456828,15.321828842163086,15.696184228012063,15.295088564580247,36489600
2022-09-06,15.330742526138312,14.96530055999756,15.35748110410918,14.956387133986542,57232600
2022-09-07,14.938560799181616,15.036606788635254,15.277262499016176,14.867255088686854,55566600
2022-09-08,15.027692659061332,14.947473526000977,15.090084940316682,14.885081244745626,49770900
2022-09-09,15.081170407220446,15.179216384887695,15.214868385818129,15.027691555793782,55081300
2022-09-12,15.214870990181888,15.491180419921877,15.509007273469573,15.179218983148822,43425000
2022-09-13,15.312915834036918,15.00095272064209,15.437700399369971,14.956387290183772,42274600
2022-09-14,15.054431236706677,14.947473526000977,15.08117151441418,14.885081244745626,41000300
2022-09-15,15.000951811048854,14.938559532165527,15.081170941059444,14.82268669990041,38637300
2022-09-16,14.85834116973675,14.920733451843262,14.983125733949771,14.751381757509742,69825900
2022-09-19,14.82268669990041,14.938559532165527,15.02769208773975,14.778121272144348,33805300
2022-09-20,14.840513088079453,14.760293960571287,14.840513088079453,14.671161407777548,36187500
2022-09-21,14.778123134981657,14.483986854553224,14.849428848416965,14.483986854553224,38815600
2022-09-22,14.492897803696064,14.47507095336914,14.599855505533576,14.385938401796537,37800400
2022-09-23,14.350288259109416,14.270069122314451,14.377026837999578,14.127457701359464,46225600
2022-09-26,14.180935238958227,13.967018127441406,14.243327517309542,13.886798998114838,46841200
2022-09-27,14.091803877690738,14.02049732208252,14.287894993043455,13.96701846791518,41183400
2022-09-28,14.065063353332402,14.10962963104248,14.189848760914412,14.00267107455692,42670800
2022-09-29,13.967019073018642,13.842233657836914,14.03832478168503,13.73527509483733,51308300
2022-09-30,13.842232916584273,13.672882080078123,13.975931750697493,13.672882080078123,63932700
2022-10-03,14.020497975597037,14.172022819519045,14.421593650702995,13.9581056928166,59540500
2022-10-04,14.252241836872152,14.341374397277832,14.394853253496366,14.163110126497564,46876200
2022-10-05,14.234414791545436,14.19876194000244,14.385938773079896,14.04723710843695,38250100
2022-10-06,14.187877409965648,13.897587776184082,14.342093534594635,13.88851690101026,52923900
2022-10-07,13.815943244543291,13.552868843078612,13.825014984452457,13.516582748570682,53446900
2022-10-10,13.607299116180704,13.516583442687988,13.725229145669724,13.38958253795272,43852600
2022-10-11,13.47122547815727,13.43493938446045,13.525654186138144,13.317009363663606,49661500
2022-10-12,13.389582248620384,13.271652221679688,13.552869246198552,13.26258048150069,46719600
2022-10-13,13.144649397474147,13.716156005859377,13.743370359079046,13.117435044254478,60354500
2022-10-14,13.77965701804298,13.598226547241213,13.852230071492412,13.580083932725396,47185600
2022-10-17,13.734300306730924,13.888516426086426,13.970159490631625,13.679870731905382,44240700
2022-10-18,14.115303302457884,14.151589393615724,14.242304188945994,14.015515902927335,49420200
2022-10-19,14.02458815438836,14.097160339355469,14.29673428057936,13.970158583098684,47349100
2022-10-20,14.70495339253888,15.185745239257812,15.566749674519086,14.623311191650588,117495700
2022-10-21,15.26738779347176,15.512319564819336,15.784464823922844,15.212959087702531,81050700
2022-10-24,15.811679412985445,15.884251594543455,16.192683798729334,15.775392457077793,69196500
2022-10-25,15.902396290440414,16.04754066467285,16.228970267334688,15.8751810714253,58235100
2022-10-26,16.192685511336823,16.455759048461914,16.546474717568227,16.111041582166887,65157700
2022-10-27,16.646262969012287,16.355974197387695,16.646262969012287,16.31968723580584,53975500
2022-10-28,16.582759185783807,16.764188766479492,16.863976160529308,16.537400492916976,55833900
2022-10-31,16.64626225651806,16.537403106689453,16.68254748628927,16.446687436875195,47573900
2022-11-01,16.84583429211103,16.64626121520996,16.854906031550723,16.546473811630737,48025700
2022-11-02,16.573689548280257,16.718833923339844,17.054479641818606,16.573689548280257,49201100
2022-11-03,16.482975006103516,16.482975006103516,16.62811939106777,16.392259332936465,41249400
2022-11-04,16.637188735640603,16.61904525756836,16.700689178636154,16.410400450509467,39458700
2022-11-07,16.637189086852363,16.655332565307617,16.691617791960784,16.46482950204214,39985200
2022-11-08,16.67347513871496,16.845834732055664,16.990979106366545,16.60090295155952,43210400
2022-11-09,16.76419285042738,16.673477172851562,16.981909438454768,16.673477172851562,41838400
2022-11-10,17.08169516685244,17.09076690673828,17.208696064739293,16.8549068604788,46482700
2022-11-11,17.07262423698512,17.281269073486328,17.353841265758817,17.03633900597765,52519500
2022-11-14,17.308481994456926,17.29033851623535,17.562485498787023,17.272196768271094,37316500
2022-11-15,17.344768775779375,17.254053115844727,17.589698808268444,17.063550056956228,49339300
2022-11-16,17.23591332878982,17.172412872314453,17.28127030334146,17.036340218401858,32155400
2022-11-17,16.972833493456854,17.1905517578125,17.226836981700302,16.800475652039676,36007800
2022-11-18,17.272194716892688,17.20869255065918,17.34476689090244,17.1633355907495,34211300
2022-11-21,17.217767804625133,17.09076690673828,17.308483473226083,17.018194717909015,31911400
2022-11-22,17.14519854624067,17.23591423034668,17.272201196092187,17.136126804804295,33771000
2022-11-23,17.1724101024142,17.317554473876953,17.335697952874145,17.136123144419816,21486000
2022-11-25,17.390127400687025,17.344770431518555,17.498986549051807,17.29941173209262,13782700
2022-11-28,17.326625808446703,17.072622299194336,17.371982774622285,17.027265333018754,27780200
2022-11-29,17.04541057887099,17.244983673095703,17.263127153550002,17.009123617962388,24088000
2022-11-30,17.181481720683237,17.489913940429688,17.489913940429688,17.054479098856394,59293400
2022-12-01,17.49898554559458,17.40826988220215,17.598771218094626,17.317554218809715,31615500
2022-12-02,17.28126660264501,17.254053115844727,17.290338341664206,17.108908752052205,33479600
2022-12-05,17.16333896488087,17.009122848510742,17.21776767352402,16.954694139867595,28698000
2022-12-06,17.136123659188073,17.390127182006836,17.399198921777945,17.063551471276632,45858100
2022-12-07,17.281268333206242,17.508056640625,17.61691578949929,17.23591136382548,45381000
2022-12-08,17.6259874469295,17.344770431518555,17.70763137563872,17.254054762924145,45761100
2022-12-09,17.29941099487976,17.317554473876953,17.553414510068272,17.263125767142768,29815600
2022-12-12,17.362912262297595,17.508056640625,17.517128380552645,17.299411813061536,31333500
2022-12-13,17.607843967159123,17.344770431518555,17.689487895868346,17.29941173209262,54142100
2022-12-14,17.2812657177815,17.145193099975586,17.326624410554945,17.01819222072436,44027700
2022-12-15,16.909333515190212,16.755117416381836,17.06354961399859,16.655331750275653,47277400
2022-12-16,16.655334766246064,16.773263931274414,16.79140741212726,16.52833213053372,76412500
2022-12-19,16.573688170126662,16.20175552368164,16.619045134714675,16.002180726876894,62216900
2022-12-20,16.192686497792447,16.39225959777832,16.410403078756374,16.174543016814393,40922700
2022-12-21,16.49204561772433,16.46483039855957,16.57368954496118,16.39225821104431,42316200
2022-12-22,16.337830360066366,16.57369041442871,16.582762154626206,16.25618642854642,32615000
2022-12-23,16.482973018505756,16.609973907470703,16.619045646719247,16.419472574023285,25164100
2022-12-27,16.555544738176607,16.74604606628418,16.80047650024974,16.52832952119383,30382500
2022-12-28,16.736976389737702,16.528329849243164,16.827690320966177,16.501116361977555,26632300
2022-12-29,16.57369066537155,16.73697853088379,16.827692473717214,16.546475444366994,23765900
2022-12-30,16.70976296329122,16.70069122314453,16.764191673913842,16.52833162087246,26204200
2023-01-03,16.791406668616712,17.000051498413086,17.099838908427653,16.700690998626882,42149200
2023-01-04,17.117981181990256,17.362911224365234,17.57155776971355,17.063550745678157,43926800
2023-01-05,17.36291023323356,17.426410675048828,17.526198072334118,17.199622394132998,31081800
2023-01-06,17.55341366496981,17.71670150756836,17.952561532404342,17.54434192590797,36050300
2023-01-09,17.705657798571874,17.521608352661133,17.705657798571874,17.466391939169807,51981100
2023-01-10,17.806887114195455,17.917316436767578,17.92651917285566,17.66884958335908,32869500
2023-01-11,17.917317172097004,17.862102508544922,17.935722645028534,17.7148622355777,30010200
2023-01-12,17.926519908562767,17.862102508544922,18.009342781512142,17.82529331792437,31740400
2023-01-13,17.843696014753455,17.990936279296875,18.027747223053936,17.75167216584562,25480000
2023-01-17,17.99093760588049,17.788482666015625,18.009343079116167,17.733268001551124,38801000
2023-01-18,17.751671027047763,17.503202438354492,17.788480213201048,17.45718876161002,38023700
2023-01-19,17.420381766667376,17.429584503173828,17.50320463998295,17.291546966062043,40180800
2023-01-20,17.447986407705805,17.696455001831055,17.696455001831055,17.273139697981225,37836600
2023-01-23,17.696458168655923,17.576826095581055,17.852901190518537,17.466395004460473,32890800
2023-01-24,17.45719153488264,17.63204002380371,19.81303950118397,17.208724661959884,32858500
2023-01-25,18.17498618293117,18.79155540466309,18.84677006109276,18.165783447652515,73582100
2023-01-26,18.65351887771721,18.40505027770996,18.69953080131454,18.23020180860385,47400900
2023-01-27,18.359039306640625,18.359039306640625,18.497076839836826,18.23020275444737,37094000
2023-01-30,18.33142957693111,18.552289962768555,18.644315562344737,18.30382137048556,37246000
2023-01-31,18.55229238111692,18.745546340942383,18.75474732238129,18.46946950622637,36575900
2023-02-01,18.837570126209087,18.570697784423828,18.865178336149302,18.46946943655224,40172500
2023-02-02,18.49707400997219,18.6627197265625,18.85597189242306,18.44185935618949,34968800
2023-02-03,18.60750556122472,18.248607635498047,18.6443165050133,18.193392975057577,31599900
2023-02-06,18.174986233092618,18.018543243408203,18.18418896839668,17.935720380913967,30929800
2023-02-07,17.93571937800984,17.714859008789062,17.9817330519572,17.567618762641878,36534400
2023-02-08,17.567622621370308,17.63204002380371,17.68725468942626,17.50320521893691,29805200
2023-02-09,17.678049952683175,17.457189559936523,17.714860895762136,17.383569429020973,28320900
2023-02-10,17.51240422526406,17.549213409423828,17.586024348825795,17.328353038738626,24931200
2023-02-13,17.494000741636526,17.724063873291016,17.77927853342022,17.475595269845993,21668700
2023-02-14,17.760872684313473,17.622835159301758,17.806886362812282,17.512405841389334,23195200
2023-02-15,17.49399863956829,17.714859008789062,17.733264478368007,17.47559316998934,31145400
2023-02-16,17.521608949322328,17.724063873291016,17.871304137130497,17.420380609716783,35161100
2023-02-17,17.724065627975914,17.889711380004883,17.954128782406688,17.60443180473607,29997500
2023-02-21,17.687253731185326,17.678050994873047,17.816090284314733,17.604430859617302,28220300
2023-02-22,17.687253369583683,17.83449363708496,17.880507317705636,17.687253369583683,25308800
2023-02-23,17.871304068751634,17.806886672973633,18.018544332027748,17.72406380547552,24845800
2023-02-24,17.724065339646273,17.705659866333008,17.733268076302906,17.466393978988197,29138100
2023-02-27,17.760874166515947,17.512407302856445,17.79768511238699,17.494001829920926,22981100
2023-02-28,17.503202055748005,17.401973724365234,17.512404790895737,17.337556333573378,34154800
2023-03-01,17.32835615709965,17.171913146972656,17.355964366619418,17.079887537149276,23339900
2023-03-02,17.05228108287202,17.171913146972656,17.254736020289446,17.024672873352255,24184800
2023-03-03,17.208723288522634,17.30994987487793,17.346760819183444,17.181115080293498,23501500
2023-03-06,17.346761999339122,17.273141860961914,17.447988592581186,17.273141860961914,24072100
2023-03-07,17.300745070235603,17.21792221069336,17.42037886968206,17.116695636441232,27944000
2023-03-08,17.08908932457271,17.125900268554688,17.15350672129875,16.730191396960546,31510300
2023-03-09,17.208724844092064,16.859027862548828,17.208724844092064,16.849825125640574,24711100
2023-03-10,16.822217138618157,16.960254669189453,17.015469330369484,16.785406194336513,32018500
2023-03-13,16.813013589260148,16.840620040893555,17.171911502433215,16.76699991113389,39835000
2023-03-14,16.905040228253082,16.969457626342773,17.033875024432465,16.757798204450634,32076200
2023-03-15,16.748596415322957,16.849822998046875,16.8774312052856,16.619759870117946,34436400
2023-03-16,16.77620258162848,16.923442840576172,16.960253782934263,16.628962322680785,31731800
2023-03-17,16.85902586877542,16.68417739868164,16.88663407623519,16.592153550967172,58728600
2023-03-20,16.81301556296576,17.015470504760742,17.09829337986836,16.767001879437885,27382100
2023-03-21,17.19031625874068,17.061481475830078,17.22712544446845,16.960253143404735,24313200
2023-03-22,17.125899513061004,16.923442840576172,17.22712609406108,16.914240104986646,21071100
2023-03-23,16.94184970680672,16.98786163330078,17.089089977878697,16.877432307618044,28957800
2023-03-24,16.978660003111624,17.125900268554688,17.17191219328974,16.886634398399103,32058000
2023-03-27,17.245531900700637,17.36516571044922,17.438785841355127,17.20872271286887,26650500
2023-03-28,17.337558153316618,17.227127075195312,17.47559568453642,17.227127075195312,21547200
2023-03-29,17.355963636211143,17.484798431396484,17.530810356750553,17.32835542785324,23149400
2023-03-30,17.494000877401387,17.55841827392578,17.61363293448349,17.466392669501328,19736300
2023-03-31,17.595226967010298,17.714859008789062,17.714859008789062,17.512404109147234,27130900
2023-04-03,17.73326347877642,17.843692779541016,17.926515632735505,17.66884609412339,31102500
2023-04-04,17.963331654306707,18.073760986328125,18.082963723203672,17.843697830167155,34207600
2023-04-05,18.055356387784048,18.294620513916016,18.34063419605101,18.027748178503053,38673200
2023-04-06,18.33942031860352,18.33942031860352,18.47008406825355,18.208758349089305,29722600
2023-04-10,18.171422614536315,18.264753341674805,18.29275309385702,18.12475814103485,23617500
2023-04-11,18.28342021699796,18.37675094604492,18.582077125839763,18.274086966079707,24664800
2023-04-12,18.47008442759192,18.45141792297364,18.55408013810247,18.3394206753998,28179500
2023-04-13,18.5260781179464,18.628740310668945,18.647406811213216,18.34874992304677,25253900
2023-04-14,18.619410749894985,18.600744247436523,18.65674197467625,18.45141578804013,24948400
2023-04-17,18.57274544520381,18.470083236694336,18.59141194861853,18.33941949292704,23443900
2023-04-18,18.50741445898053,18.49808120727539,18.54474746580108,18.339419488559543,28517400
2023-04-19,18.46075165789172,18.38608741760254,18.507416140521485,18.302089924760228,31537200
2023-04-20,17.46211221662238,16.472810745239258,17.471445467689797,16.388813265768125,129904800
2023-04-21,16.678138288654825,17.004793167114258,17.172788121828013,16.640805285324845,76810200
2023-04-24,16.883464639233694,16.360815048217773,16.911464392017535,16.342148546361877,60001400
2023-04-25,16.342147827148438,16.342147827148438,16.584807000188935,16.28615010418079,46691800
2023-04-26,16.230152366442432,16.052825927734375,16.482144817409516,16.043492676201996,42482900
2023-04-27,16.220818895725195,16.43548011779785,16.45414484047469,16.202154173048356,36926900
2023-04-28,16.25815201985835,16.491477966308594,16.566142197967245,16.220819013961176,40664000
2023-05-01,16.556807850435767,16.332815170288086,16.575474352148635,16.32348191943165,35510200
2023-05-02,16.20215365454243,15.93149471282959,16.26748463215984,15.894163488534913,39398100
2023-05-03,16.006160619954976,15.950162887573242,16.099491360681743,15.931496383400724,32213100
2023-05-04,15.884830464533572,15.782166481018066,15.940828191844007,15.726168753707633,27422700
2023-05-05,15.847497353929633,15.987492561340332,15.987492561340332,15.754166622277284,23697300
2023-05-08,15.875497824361434,15.978161811828612,16.02482628969421,15.819500094895572,32091000
2023-05-09,15.95949374653757,15.8848295211792,15.96882699722431,15.78216554376061,29058400
2023-05-10,15.922162419124689,15.903497695922852,15.959495425799837,15.735502726156158,32892400
2023-05-11,15.81949829491704,15.828829765319824,15.866162767473046,15.754165541148902,21332600
2023-05-12,15.866165283008302,15.8941650390625,16.043493511079948,15.819500803053774,27277300
2023-05-15,15.8661634904906,15.819499015808104,15.959494219991196,15.810165764844486,28697300
2023-05-16,15.800833325937246,15.427512168884276,15.810166577380532,15.408845665997704,31200300
2023-05-17,15.548840522766112,15.548840522766112,15.632838003704332,15.446176539367034,34154700
2023-05-18,15.492842785051286,15.446176528930664,15.539507261036254,15.278183347303386,39142000
2023-05-19,15.483508910893914,15.222183227539062,15.539506635850104,15.203518505977383,46655200
2023-05-22,15.259515761361415,15.287513732910156,15.334179985717263,15.082187560965457,42251600
2023-05-23,15.175518252454385,15.026189804077148,15.21284947448093,14.998190052455596,45314800
2023-05-24,15.035524535957611,14.886195182800291,15.044857787417666,14.886195182800291,34236900
2023-05-25,14.624869529869652,14.139551162719728,14.624869529869652,13.999555959155291,102758200
2023-05-26,14.214216949476397,14.466209411621094,14.578205764773884,14.16755246988032,50164900
2023-05-30,14.45687527560674,14.596871376037598,14.643535852780042,14.391544296113048,35346700
2023-05-31,14.615537168506382,14.680868148803713,14.811530999466225,14.5782050526125,70109400
2023-06-01,14.69953459970743,14.755533218383787,14.811530946992296,14.587538252422563,31363800
2023-06-02,14.074220371521417,14.195549964904783,14.39154378651364,13.859560937890093,105206900
2023-06-05,14.307546799655364,14.363545417785645,14.456875261245663,14.23288256886021,39528300
2023-06-06,14.428877411831069,14.624871253967283,14.69953549001271,14.335546671740332,39037200
2023-06-07,14.587536819418206,15.026189804077148,15.044856305158184,14.531538206242862,43584200
2023-06-08,14.970192906791254,14.998190879821776,15.007524130877156,14.820863560108595,32833700
2023-06-09,14.942193801492769,14.886195182800291,15.054189258742024,14.848863067027924,24651900
2023-06-12,14.88619452743578,14.867528915405272,14.93285989261376,14.764864934000157,27517900
2023-06-13,14.746199309555031,14.764864921569824,14.904861016985905,14.634202967262857,41578200
2023-06-14,14.839529871474756,14.78353214263916,14.951527109281647,14.764865639648727,26782400
2023-06-15,14.82086415117,14.960860252380373,15.02619123223784,14.736866668457344,30535200
2023-06-16,15.026192184712569,14.988859176635742,15.054190160634384,14.89552932664738,64130500
2023-06-20,14.951526923212477,14.727533340454102,15.00752465135119,14.718200979142877,35360500
2023-06-21,14.652869938811834,14.568872451782228,14.671536442626364,14.456876099098714,40676400
2023-06-22,14.531540275657203,14.540873527526855,14.596872148676876,14.438210427164352,30272800
2023-06-23,14.58753823202268,14.419543266296388,14.680868076262296,14.391544402031288,37372800
2023-06-26,14.428876056295069,14.58753776550293,14.606203377726777,14.40087719292539,28616600
2023-06-27,14.512874079752846,14.78353214263916,14.830197510047393,14.494207576762411,31457000
2023-06-28,14.7555330945913,14.727533340454102,14.783531958660657,14.568871627281348,26156400
2023-06-29,14.690200472169876,14.914193153381348,14.942192906083628,14.690200472169876,27298300
2023-06-30,14.932860550032714,14.886195182800291,14.97019355587293,14.774198835483189,40459200
2023-07-03,14.886195372184895,15.0448579788208,15.0448579788208,14.886195372184895,18424200
2023-07-05,15.007524130877156,14.998190879821776,15.147519336436623,14.932859902569732,32988100
2023-07-06,14.942192956064533,14.811530113220217,14.96085945792849,14.783531250492077,33325300
2023-07-07,14.762134635164264,14.828630447387695,14.961622977772056,14.752634974578774,28987000
2023-07-10,14.7431346669729,14.505648612976074,14.771632739790046,14.458151220989228,45305500
2023-07-11,14.524647466813883,14.467650413513184,14.581644520114589,14.353657212849209,39688000
2023-07-12,14.4771504761744,14.363157272338867,14.505649456586372,14.344158858001672,46478300
2023-07-13,14.382156592613516,14.363157272338867,14.410654667088036,14.25866372864066,40508200
2023-07-14,14.05917629076455,13.774192810058594,14.068675951506831,13.574704464158176,101526300
2023-07-17,13.413212291478583,12.852745056152344,13.498707416316474,12.805247663916028,160933400
2023-07-18,12.852746035569416,12.776750564575195,13.289720446754934,12.757752149795376,132538700
2023-07-19,13.603200531292709,13.859685897827148,13.907183288585829,13.555704046471408,142144700
2023-07-20,13.85968693839506,13.926182746887209,13.926182746887209,13.726694415473323,76867900
2023-07-21,13.87868511137224,14.021177291870115,14.040175705707377,13.869186357422326,49162700
2023-07-24,14.0401762315864,14.201666831970217,14.33465935756202,14.0401762315864,49475700
2023-07-25,14.32515963543003,14.059175491333008,14.353657710098917,13.983180021591002,59669800
2023-07-26,14.163669855691118,14.144671440124512,14.220666914265962,13.802690900550472,63191500
2023-07-27,14.144670333139851,13.78369140625,14.173168407228214,13.7741917462414,65496000
2023-07-28,13.859686626989264,13.726694107055664,13.935682093826342,13.717194447216672,51420600
2023-07-31,13.7361939024567,13.793190956115724,13.859686763770055,13.688696508730418,47585600
2023-08-01,13.831189456406957,13.584203720092772,13.840688210928668,13.546205984193474,46296400
2023-08-02,13.574703461441054,13.63170051574707,13.831188846911964,13.498707992991326,41739100
2023-08-03,13.527206360206804,13.38471508026123,13.546205680699527,13.327718024720522,40781600
2023-08-04,13.346717480921336,13.299220085144045,13.403713631104113,13.299220085144045,38878700
2023-08-07,13.308719635009766,13.308719635009766,13.3847151052476,13.194726429653011,38109900
2023-08-08,13.242222761441775,13.470210075378418,13.489208489742955,13.242222761441775,39075100
2023-08-09,13.460710281802156,13.555705070495604,13.631700539075386,13.44171096168849,33951700
2023-08-10,13.574703730446249,13.460710525512695,13.631700785881758,13.460710525512695,33556400
2023-08-11,13.441710674703051,13.6506986618042,13.67919673542881,13.413212601078438,31213900
2023-08-14,13.593701958344765,13.546204566955566,13.65069810326189,13.470209103107804,26901400
2023-08-15,13.489208022974353,13.432211875915527,13.498707682796631,13.394214142563836,26393600
2023-08-16,13.441710162036332,13.394213676452637,13.479707894065722,13.308718552902157,29440300
2023-08-17,13.422712840366518,13.308719635009766,13.45121091522134,13.289720314481574,36036700
2023-08-18,13.270721413346724,13.34671688079834,13.432212008165765,13.251722093515104,32206300
2023-08-21,13.318218212393854,13.394213676452637,13.432211408482027,13.22322342935168,47841400
2023-08-22,13.384713979794729,13.546204566955566,13.603200711872692,13.32771692894021,43201000
2023-08-23,13.546204806430405,13.451210021972656,13.631699931254898,13.432211608643549,29371100
2023-08-24,13.33721693310002,13.441710472106934,13.56520333053551,13.33721693310002,29780100
2023-08-25,13.46071123844698,13.403714179992676,13.498708975437347,13.34671802747588,22107700
2023-08-28,13.470209697585007,13.49870777130127,13.55570482467122,13.403712984330497,30173700
2023-08-29,13.726694069286513,14.03067684173584,14.068674575049828,13.726694069286513,45429000
2023-08-30,14.135171789517893,13.992679595947266,14.239665340053008,13.964181519608148,26065300
2023-08-31,14.059175601744004,14.049675941467283,14.135171072082828,13.964180810851744,45406200
2023-09-01,14.068674077161576,13.916682243347168,14.1161705626701,13.907183489807895,20276800
2023-09-05,13.916683356928624,13.755192756652832,14.01167814742172,13.745694002353494,28402900
2023-09-06,13.70769565067576,13.878684997558594,14.011677517078503,13.603201204646751,43010100
2023-09-07,13.869186243686574,13.878684997558594,14.021177176887948,13.82168885057679,30699100
2023-09-08,13.878685647048105,13.679197311401367,13.878685647048105,13.64119957632282,28281300
2023-09-11,13.745693562389445,13.793190956115724,13.859686763770055,13.717194582591214,28625000
2023-09-12,13.80269042167808,13.736194610595703,13.840688157430506,13.66019913909085,27383300
2023-09-13,13.821689690267656,13.888185501098633,13.945182557480525,13.745694219050115,30916600
2023-09-14,14.154169084522431,14.306160926818848,14.401154809074487,14.125671010439484,55155000
2023-09-15,14.249163672058256,14.467650413513184,14.534147126686907,14.211165938503598,79705300
2023-09-18,14.410654088916363,14.3346586227417,14.458151481759884,14.268162816323224,29972500
2023-09-19,14.306160990469904,14.448652267456056,14.48665000171486,14.29666133042084,33190500
2023-09-20,14.515146830820262,14.771632194519045,14.942621531047529,14.505648077523446,45303600
2023-09-21,14.638640693525929,14.543646812438965,14.762133554282668,14.524647492659112,33691400
2023-09-22,14.562645605535412,14.363157272338867,14.591143680009932,14.296661463252503,33964400
2023-09-25,14.296661266812052,14.306160926818848,14.353657414977947,14.106672596363332,30428700
2023-09-26,14.059174743710038,14.268162727355955,14.325158873662854,13.935681885461875,35412000
2023-09-27,14.258663912544224,14.12567138671875,14.258663912544224,14.059175576774743,27561600
2023-09-28,14.144670924110976,14.25866413116455,14.268163791570052,14.135171263705477,27817600
2023-09-29,14.287161140812453,14.268162727355955,14.34415819305676,14.163668282564291,29634600
2023-10-02,14.287161562476896,13.93568229675293,14.334658956426065,13.926182636775607,36600200
2023-10-03,13.93568284554832,14.040176391601562,14.078174127069785,13.85018771426045,36830800
2023-10-04,13.92618190282383,13.916682243347168,13.992677707285676,13.726693583500897,37089000
2023-10-05,13.897684518008676,14.08767318725586,14.135170581052014,13.897684518008676,32171500
2023-10-06,13.959885342547889,13.988927841186523,14.04701376170818,13.66945758642838,53289300
2023-10-09,14.008289418526552,14.259992599487305,14.2793548797697,13.998608278385356,30659800
2023-10-10,14.221269320598974,14.482654571533203,14.50201592905924,14.221269320598974,35746800
2023-10-11,14.472974374523732,14.298718452453612,14.569783938197236,14.211590029796342,31793500
2023-10-12,14.17286582013478,13.988927841186523,14.201908318773414,13.824352143493616,38543700
2023-10-13,14.01797011792531,13.901799201965332,14.163184455308562,13.863075563312004,34104500
2023-10-16,13.940522755153776,13.950203895568848,14.037332312815767,13.775947061075009,31727900
2023-10-17,13.863075363117094,14.114779472351074,14.124460612685692,13.83403286535759,34771800
2023-10-18,14.008289590515488,13.863075256347656,14.06637458558714,13.853395039331948,36230900
2023-10-19,14.879572510633848,14.773082733154297,15.160319126938472,14.676273173086058,97636500
2023-10-20,14.705315637284077,14.889253616333008,15.402342067703524,14.705315637284077,68043400
2023-10-23,14.879572498306072,14.472973823547363,14.889253638953754,14.385845404207013,53938600
2023-10-24,14.695635137036453,15.034466743469238,15.073190382011395,14.695635137036453,66404200
2023-10-25,15.0054244858493,14.705315589904783,15.092552904776555,14.589144672416568,42605800
2023-10-26,14.685954179922645,14.63754940032959,14.80212509699934,14.50201620211792,41165100
2023-10-27,14.618188599128905,14.347122192382812,14.695635880129384,14.269674911382332,35849200
2023-10-30,14.47297383553827,14.773082733154297,14.889253651289549,14.434250196159851,41832200
2023-10-31,14.792443247124147,14.908614158630373,14.947337795799111,14.763400750058675,33688400
2023-11-01,14.995743968200324,15.08287239074707,15.199043313061257,14.937658968665442,41502800
2023-11-02,15.121595738635616,15.2280855178833,15.276490298721122,15.063510740225754,35788800
2023-11-03,15.392660956752742,15.373299598693848,15.528195079386938,15.324894818680033,42801200
2023-11-06,15.324895248425449,15.247447967529297,15.392661388398478,15.140958187108192,32805500
2023-11-07,15.208723596851469,15.334575653076172,15.450746568842582,15.208723596851469,26425500
2023-11-08,15.33457656701504,15.150638580322266,15.33457656701504,15.082872439564095,28224500
2023-11-09,15.179681865843875,15.131277084350586,15.247448005987833,15.05382980325909,26080800
2023-11-10,15.179681471877158,15.140957832336426,15.23776646956606,14.966700992780936,23755800
2023-11-13,15.11191489051451,15.08287239074707,15.23776695383265,15.015106250208232,23876000
2023-11-14,15.199043224494542,15.131277084350586,15.247448005987833,15.024787303660885,31504200
2023-11-15,15.150638014592216,15.257128715515137,15.295852354965913,15.140957797162816,25233500
2023-11-16,15.373299598693848,15.373299598693848,15.421704378707664,15.24744753995568,26214200
2023-11-17,15.402342235403909,15.392661094665527,15.450747015851414,15.33457609672404,27162600
2023-11-20,15.392660751604812,15.58627986907959,15.654046006249136,15.344256895480491,30868000
2023-11-21,15.557236666880057,15.67340850830078,15.731493505766757,15.508832810073208,25680000
2023-11-22,15.73149333660622,15.654046058654783,15.760536758271291,15.586279921258376,21301600
2023-11-24,15.69276809692383,15.692768096923828,15.799258791943094,15.68308880327542,12431000
2023-11-27,15.673407663138336,15.692768096923828,15.750854937746343,15.576598108256157,29976200
2023-11-28,15.654045666328232,15.663726806640623,15.68308908726541,15.518513394932164,24258400
2023-11-29,15.673408833338137,15.779897689819336,15.80894111239902,15.63468426989856,26623500
2023-11-30,15.770218100752174,16.041282653808594,16.070326075845546,15.770218100752174,50630000
2023-12-01,16.070325177336642,16.2252197265625,16.2349008667002,15.992877902723713,35397100
2023-12-04,16.07032534441405,16.12841033935547,16.234901035488647,16.02191964322229,40542500
2023-12-05,16.43819993013809,16.670541763305664,16.786713603133826,16.41883764908527,72091000
2023-12-06,16.62213769480138,16.399477005004883,16.728628392742632,16.322029728271808,45867500
2023-12-07,16.476924946750025,16.54469108581543,16.58341380250046,16.36075310371733,31309100
2023-12-08,16.544691210787526,16.380115509033203,16.5640534925207,16.273624805989577,42067400
2023-12-11,16.37043496415744,16.089689254760742,16.39947838781457,16.002560830278245,43835000
2023-12-12,16.03160123974308,15.886387825012209,16.050963520770864,15.818621687903716,41348800
2023-12-13,15.80893993544878,15.925111770629885,15.973515624836947,15.586279251714394,53889700
2023-12-14,15.983196372056415,16.118728637695312,16.273623183136515,15.983196372056415,54485000
2023-12-15,15.992878913879396,15.992878913879396,16.128411191398932,15.925112775119628,65897600
2023-12-18,16.070326646445043,15.934792518615724,16.21554006880824,15.88638865999094,34621800
2023-12-19,15.905748823530056,16.080005645751953,16.089686785485238,15.88638654406349,28077400
2023-12-20,16.04128277685391,15.876707077026367,16.080007339866885,15.876707077026367,33476300
2023-12-21,15.944472481957916,15.963834762573242,15.983197043188571,15.828302491243369,36327900
2023-12-22,15.973515396971706,16.02191925048828,16.196176077529792,15.973515396971706,26736000
2023-12-26,15.973516515544487,16.041282653808594,16.08000721652453,15.915431517959368,22750400
2023-12-27,15.96383593280154,16.05096435546875,16.08968891953811,15.925113215221026,27728700
2023-12-28,16.012240957932473,16.20585823059082,16.331711211983073,16.002559817326244,32112900
2023-12-29,16.09936786426674,16.244583129882812,16.292986987428968,16.08000742914156,33271100
2024-01-02,16.302667437121272,16.6995849609375,16.825436093115613,16.292986296724692,47624300
2024-01-03,16.767351886145814,16.68022346496582,16.825436884769537,16.670542324113732,33612400
2024-01-04,16.70926627269626,16.60277557373047,16.747988988190986,16.60277557373047,35703700
2024-01-05,16.61245725218794,16.912565231323242,16.960970935370103,16.554372253820517,33288500
2024-01-08,16.893204129579505,16.767351150512695,16.931926844800167,16.689903873582633,41215100
2024-01-09,16.6965122692968,16.676836013793945,16.70635133535321,16.558769097726977,30338400
2024-01-10,16.627640779493312,16.598125457763672,16.627640779493312,16.48989760712838,26893800
2024-01-11,16.529250785988086,15.96843719482422,16.529250785988086,15.8897265482856,59137500
2024-01-12,16.07666570649014,16.21440887451172,16.35215391914322,16.06682664068718,32656700
2024-01-16,16.155376418489237,16.1750545501709,16.332475850404343,16.076665768372514,39033400
2024-01-17,16.116019226907074,16.145536422729492,16.361990228931116,16.08650390769447,39261000
2024-01-18,16.02747234723971,16.135698318481445,16.155376450201736,15.929083565248192,35127800
2024-01-19,16.391507141560886,16.40134620666504,16.50957404620093,16.13569707868228,52543800
2024-01-22,16.450540450605413,16.529251098632812,16.62763987781953,16.371829802578013,44093400
2024-01-23,16.765385446766665,16.912967681884766,16.97200020061002,16.70635105143148,59713000
2024-01-24,16.29311930681233,16.41118621826172,16.765385075999994,16.194730526706152,79217000
2024-01-25,16.499735374449905,16.903127670288086,16.912966735626803,16.421024728350012,54457900
2024-01-26,16.873611308814922,17.011356353759766,17.099904192967983,16.844095987948823,38567300
2024-01-29,16.942482924539313,16.972000122070312,17.001517319601312,16.775222558416832,38264800
2024-01-30,16.971999813073314,17.247488021850586,17.306520539227897,16.903128230031466,54946400
2024-01-31,17.227809707055314,17.404909133911133,17.532813232968184,17.217970641495562,52968100
2024-02-01,17.798462938224063,17.749269485473633,17.86733452271864,17.5328137895079,71660400
2024-02-02,17.641040908170133,17.542652130126953,17.690234358886794,17.473780548479684,33245400
2024-02-05,17.424585327201584,17.444263458251953,17.58200849899468,17.296681228593904,31496900
2024-02-06,17.375392029330506,17.32619857788086,17.483619874451588,17.267164184209424,25734200
2024-02-07,17.316359824583593,17.050710678100586,17.336037956162315,17.021193480732503,33871800
2024-02-08,17.021193102204894,16.54892921447754,17.021193102204894,16.47021856652298,66974900
2024-02-09,16.519413879124784,16.568607330322266,16.607961715958275,16.302958189992175,44427100
2024-02-12,16.5686071334452,16.74570655822754,16.78506094339592,16.489896486498594,31151200
2024-02-13,16.745706680091867,16.627639770507812,16.922806106163016,16.480057540985143,29734600
2024-02-14,16.696512301948438,16.637479782104492,16.814579218246298,16.568608196184893,26468100
2024-02-15,16.666996773922616,16.814579010009766,16.942483114189308,16.666996773922616,25926700
2024-02-16,16.676835966842578,16.69651222229004,16.794901005967183,16.489897465516997,28827800
2024-02-20,16.607962583877534,16.637479782104492,16.853933605938938,16.598125394411852,29103900
2024-02-21,16.647317795365403,16.726028442382812,16.73586750783622,16.568607148347997,22650700
2024-02-22,16.499735070246828,16.322635650634766,16.499735070246828,16.15537529618002,59974500
2024-02-23,16.361990736998354,16.529251098632812,16.588285492110767,16.27344290000117,32270900
2024-02-26,16.52925134695116,16.332475662231445,16.558768544133574,16.253765013021578,26815900
2024-02-27,16.342313518569284,16.558767318725586,16.578445448724278,16.273441940183634,28350800
2024-02-28,16.548929047316694,16.68667221069336,16.765384734462717,16.539089981845525,33531100
2024-02-29,16.745707615933433,16.65715789794922,16.844096399983673,16.637479765817176,46155200
2024-03-01,16.598124359672735,16.706350326538086,16.77522190816418,16.539089966899066,27543000
2024-03-04,16.59812455769043,16.529251098632812,16.716189591426588,16.440701385025754,32690500
2024-03-05,16.75554639668122,16.89328956604004,17.08022806489125,16.726029198985785,43337900
2024-03-06,16.824417024188193,16.903127670288086,16.942482055033118,16.7457063780883,35356700
2024-03-07,16.912967825327396,16.775222778320312,17.021193797806593,16.73586839103968,27325100
2024-03-08,16.78506074812136,16.922805786132812,17.040870816874254,16.706350102090454,30808700
2024-03-11,16.942482831027526,17.050710678100586,17.158938525173642,16.942482831027526,29541600
2024-03-12,17.02119268621407,16.922805786132812,17.06054894753444,16.89328859014254,38700600
2024-03-13,16.991678332388414,16.912967681884766,17.149099633395714,16.853933286549577,32339800
2024-03-14,16.873611624894647,16.735868453979492,16.89328975691394,16.558769019025746,37237700
2024-03-15,16.61780147597789,16.775222778320312,16.86377249546417,16.61780147597789,93099200
2024-03-18,16.824416875453934,17.02119255065918,17.040870681162648,16.65715651939408,35177000
2024-03-19,17.02119366950038,16.89328956604004,17.04087180129734,16.88345050014156,26144600
2024-03-20,16.844096050842015,16.93264389038086,17.03103267239171,16.804739787393704,28961700
2024-03-21,16.912966750485438,16.88344955444336,16.99167739665448,16.7850607775796,34446700
2024-03-22,16.91296694802622,16.706350326538086,16.922806013488497,16.706350326538086,26144000
2024-03-25,16.765384583651073,16.84409523010254,16.853932418875363,16.696511125972428,30944600
2024-03-26,16.853932343594508,16.903127670288086,17.00151644706541,16.775221697494615,33048600
2024-03-27,17.01135603019315,17.26716423034668,17.306520492899462,17.01135603019315,37488400
2024-03-28,17.26716324091217,17.31635856628418,17.41474734041842,17.23764792229874,33461500
2024-04-01,16.912966381730385,17.21796989440918,17.25732615494053,16.873610121199036,31980100
2024-04-02,17.19829174975548,17.237648010253906,17.414747429277234,17.19829174975548,40169500
2024-04-03,17.306520446657046,17.32619857788086,17.424585480780152,17.20813166714787,38155900
2024-04-04,17.336037674338467,17.286842346191406,17.591845874263644,17.277003280561996,31850300
2024-04-05,17.237648113605083,17.139259338378906,17.257326243972276,17.001516179028137,37757200
2024-04-08,17.11958235650546,16.972000122070312,17.178614874957535,16.942482924539313,27372200
2024-04-09,17.0,16.899999618530273,17.079999923706055,16.809999465942383,32802500
2024-04-10,16.770000457763672,16.729999542236328,16.790000915527344,16.510000228881836,39046800
2024-04-11,16.670000076293945,16.420000076293945,16.700000762939453,16.420000076293945,40831200
2024-04-12,16.40999984741211,16.309999465942383,16.459999084472656,16.25,41764300
2024-04-15,16.459999084472656,16.239999771118164,16.540000915527344,16.1299991607666,40249900
2024-04-16,16.219999313354492,16.09000015258789,16.229999542236328,15.9399995803833,56368800
2024-04-17,16.110000610351562,16.1200008392334,16.25,16.059999465942383,27177500
2024-04-18,16.110000610351562,16.329999923706055,16.350000381469727,16.09000015258789,29566500
2024-04-19,16.329999923706055,16.510000228881836,16.520000457763672,16.260000228881836,45814400
2024-04-22,16.690000534057617,16.309999465942383,16.729999542236328,16.170000076293945,54178100
2024-04-23,16.3799991607666,16.5,16.530000686645508,16.290000915527344,47805000
2024-04-24,16.899999618530273,16.809999465942383,17.030000686645508,16.3799991607666,74197800
2024-04-25,16.700000762939453,16.579999923706055,17.0,16.5,46680400
2024-04-26,16.469999313354492,16.75,16.8799991607666,16.389999389648438,36118700
2024-04-29,16.989999771118164,17.020000457763672,17.280000686645508,16.989999771118164,42383300
2024-04-30,16.90999984741211,16.889999389648438,16.979999542236328,16.799999237060547,31792300
2024-05-01,16.829999923706055,16.920000076293945,17.100000381469727,16.780000686645508,39350700
2024-05-02,16.989999771118164,16.81999969482422,16.989999771118164,16.729999542236328,32205000
2024-05-03,16.81999969482422,16.850000381469727,16.920000076293945,16.729999542236328,23867713
2024-05-06,16.950000762939453,16.989999771118164,17.040000915527344,16.90999984741211,24182300
2024-05-07,17.059999465942383,17.079999923706055,17.209999084472656,17.0,28086800
2024-05-08,17.030000686645508,17.110000610351562,17.200000762939453,17.0,25292100
2024-05-09,17.100000381469727,17.18000030517578,17.190000534057617,17.040000915527344,22547700
2024-05-10,17.200000762939453,17.170000076293945,17.219999313354492,17.1200008392334,19229600
2024-05-13,17.18000030517578,17.260000228881836,17.34000015258789,17.149999618530273,28014800
2024-05-14,17.280000686645508,17.299999237060547,17.34000015258789,17.219999313354492,23545300
2024-05-15,17.350000381469727,17.329999923706055,17.440000534057617,17.18000030517578,30877900
2024-05-16,17.309999465942383,17.299999237060547,17.3700008392334,17.149999618530273,24686200
2024-05-17,17.399999618530273,17.399999618530273,17.40999984741211,17.260000228881836,25883400
2024-05-20,17.3799991607666,17.520000457763672,17.559999465942383,17.360000610351562,28266600
2024-05-21,17.510000228881836,17.270000457763672,17.520000457763672,17.139999389648438,31173300
2024-05-22,17.190000534057617,17.5,17.510000228881836,17.18000030517578,30647500
2024-05-23,17.399999618530273,17.469999313354492,17.510000228881836,17.31999969482422,32477700
2024-05-24,17.489999771118164,17.5,17.610000610351562,17.420000076293945,24991800
2024-05-28,17.459999084472656,17.270000457763672,17.520000457763672,17.200000762939453,25458300
2024-05-29,17.25,17.1200008392334,17.309999465942383,17.110000610351562,23503800
2024-05-30,17.170000076293945,17.6200008392334,17.639999389648438,17.15999984741211,33266500
2024-05-31,17.530000686645508,18.21999931335449,18.270000457763672,17.469999313354492,67593300
2024-06-03,18.1299991607666,18.010000228881836,18.329999923706055,17.959999084472656,38332700
2024-06-04,17.969999313354492,18.350000381469727,18.360000610351562,17.899999618530273,30089100
2024-06-05,18.309999465942383,18.299999237060547,18.31999969482422,18.15999984741211,28101800
2024-06-06,18.290000915527344,18.280000686645508,18.450000762939453,18.219999313354492,22319200
2024-06-07,18.219999313354492,18.100000381469727,18.219999313354492,17.969999313354492,36620400
